{
  "LogisticRegression": {
    "accuracy": 0.95,
    "precision": 0.9361702127659575,
    "recall": 0.9166666666666666,
    "f1": 0.9263157894736842,
    "roc_auc": 0.995018115942029,
    "confusion_matrix": [
      [
        89,
        3
      ],
      [
        4,
        44
      ]
    ],
    "roc_path": "artifacts\\roc_LogisticRegression.png"
  },
  "RandomForest": {
    "accuracy": 0.9571428571428572,
    "precision": 0.9375,
    "recall": 0.9375,
    "f1": 0.9375,
    "roc_auc": 0.9913949275362319,
    "confusion_matrix": [
      [
        89,
        3
      ],
      [
        3,
        45
      ]
    ],
    "roc_path": "artifacts\\roc_RandomForest.png"
  },
  "XGBoost": {
    "accuracy": 0.95,
    "precision": 0.9183673469387755,
    "recall": 0.9375,
    "f1": 0.9278350515463918,
    "roc_auc": 0.9884510869565218,
    "confusion_matrix": [
      [
        88,
        4
      ],
      [
        3,
        45
      ]
    ],
    "roc_path": "artifacts\\roc_XGBoost.png"
  },
  "SVM_RBF": {
    "accuracy": 0.9571428571428572,
    "precision": 0.9375,
    "recall": 0.9375,
    "f1": 0.9375,
    "roc_auc": 0.990715579710145,
    "confusion_matrix": [
      [
        89,
        3
      ],
      [
        3,
        45
      ]
    ],
    "roc_path": "artifacts\\roc_SVM_RBF.png"
  },
  "MLP": {
    "accuracy": 0.95,
    "precision": 0.9183673469387755,
    "recall": 0.9375,
    "f1": 0.9278350515463918,
    "roc_auc": 0.9884510869565217,
    "confusion_matrix": [
      [
        88,
        4
      ],
      [
        3,
        45
      ]
    ],
    "roc_path": "artifacts\\roc_MLP.png"
  }
}